"Position (mm) Run #1";"Position (mm) Run #2"
-19,6620;-14,9504
-19,3720;-13,9716
-18,7111;-12,6227
-17,9325;-11,0754
-16,5842;-9,5547
-15,0912;-7,8623
-13,2003;-5,9714
-11,3641;-4,0804
-9,1570;-2,2165
-6,7507;-0,1266
-4,3444;1,7644
-1,9659;3,6553
0,6122;5,5737
3,2183;7,2929
5,6246;9,0672
8,0310;10,4150
10,4942;12,0177
12,5570;13,2491
14,6771;14,3087
16,4250;15,1964
18,0588;15,9401
19,1772;16,2841
19,7221;16,7120
20,1240;16,5400
20,1819;16,3959
19,8958;16,1358
19,2077;15,2756
18,5773;14,4432
17,4585;13,4388
17,1153;12,2621
15,6529;10,9133
13,5877;9,3922
11,5795;7,6713
9,1414;5,9779
6,9606;4,0849
4,3505;2,1919
2,1374;0,2988
-1,6180;-1,5942
-4,4277;-3,4873
-6,8650;-5,3803
-9,1300;-7,3269
-11,2226;-8,8489
-13,1703;-10,6230
-14,7462;-12,0262
-16,1499;-13,2306
-17,4357;-14,4879
-18,1508;-15,3745
-18,7210;-16,0890
-18,9470;-16,6577
-18,8291;-16,8297
-18,3402;-17,0543
-17,7064;-16,9086
-16,7290;-16,6173
-15,3807;-15,9294
-13,8879;-15,2943
-11,9969;-14,2891
-10,1609;-13,0855
-7,9263;-11,9350
-5,7194;-10,3877
-3,3131;-8,8671
-0,9068;-7,1479
1,4715;-5,4557
4,0777;-3,5647
6,5406;-1,6737
8,5750;0,2172
10,8950;2,1082
12,6141;4,0265
14,3906;5,7182
15,7948;7,6642
17,0559;9,2115
17,9446;10,8142
18,6902;12,0177
19,1209;13,2769
18,9778;14,1367
18,6916;15,0244
18,0323;15,7681
17,2297;16,1400
16,0829;16,3680
14,5629;16,1960
12,8992;16,0799
10,8340;15,5917
8,7972;14,9315
6,5597;14,0991
4,3787;13,0946
1,7406;11,9180
-0,4689;10,5691
-2,8786;9,0480
-5,3437;7,3272
-7,3813;5,6063
-9,6738;3,9128
-11,5942;2,0198
-13,3697;0,1267
-14,7735;-1,7934
-16,0050;-3,4873
-17,0916;-5,4072
-17,8339;-7,1549
-18,2320;-8,7303
-18,2590;-10,0802
-18,1412;-11,6820
-17,7064;-12,9130
-16,6747;-13,9717
-15,6974;-14,8584
-14,3492;-15,5993
-12,8565;-15,9433
-10,9929;-16,3400
-8,9576;-16,3663
-6,7231;-16,2207
-4,4885;-15,9294
-2,2818;-15,2679
0,1524;-14,4081
2,3589;-13,6013
4,7934;-12,4242
7,0280;-11,0754
9,2625;-9,5014
11,4400;-8,1794
14,1613;-6,4603
15,9667;-4,7411
17,1991;-3,0490
18,2885;-1,1580
19,0342;0,7601
19,4071;2,4520
19,6080;4,3703
19,6948;6,0895
19,2077;7,8637
18,5773;9,2391
17,5739;10,6146
16,4846;12,0177
14,7064;13,2769
12,0673;14,1924
9,7160;14,7083
8,3376;15,2522
5,6992;15,6241
3,3491;15,8240
1,9969;15,8799
-0,7573;15,5917
-3,5949;14,8478
-5,8323;14,5874
-8,1249;13,7829
-10,0180;12,5785
-11,9658;11,4295
-13,5690;9,8531
-14,7735;8,5318
-16,0594;6,8109
-16,7746;5,0900
-17,3449;3,3692
-17,5440;1,6756
-17,5982;-0,2446
-17,3084;-1,9384
-16,6476;-3,8854
-15,8422;-5,4072
-14,6930;-7,1549
-13,1457;-8,7303
-11,6531;-10,1068
-9,7896;-11,5366
-7,7269;-12,5689
-5,6918;-13,6277
-3,4572;-14,5407
-1,2227;-15,0832
1,0119;-15,4272
3,2464;-15,8240
5,5092;-15,8767
7,6003;-15,5327
9,4912;-15,2416
11,4392;-14,5537
13,0151;-13,9187
14,4192;-12,8870
15,6803;-11,9084
16,5976;-10,5330
17,1424;-9,1842
17,5152;-7,6637
17,7737;-5,9177
17,4585;-4,4242
17,0000;-2,5062
16,1974;-0,7871
14,9930;0,9049
13,8459;2,8504
12,3543;4,3703
10,4613;6,1169
8,5967;7,6917
6,5314;9,0672
4,5226;10,4703
2,0848;11,7016
-0,1806;12,7611
-2,2180;13,6765
-4,4832;14,1924
-6,5484;14,7362
-8,6687;15,1360
-10,3896;15,1639
-12,1652;15,0198
-13,5690;14,6758
-14,8279;14,4154
-15,7153;13,5551
-16,4577;12,7227
-16,8289;11,7182
-17,0551;10,5414
-16,9373;9,1649
-16,4485;7,8434
-15,8150;6,0951
-14,8105;4,5738
-13,6615;2,8529
-12,1415;1,1321
-10,4224;-0,5888
-8,7582;-2,3097
-6,7507;-4,0305
-4,3998;-5,7782
-1,6500;-7,3537
1,2118;-8,7303
3,2464;-10,1068
5,5092;-11,5366
7,6003;-12,5954
9,4912;-13,4821
11,5818;-14,1967
12,1555;-14,7128
13,5595;-15,3080
14,7918;-15,3080
15,8810;-15,3344
16,5689;-15,2152
17,2855;-14,7257
17,8880;-14,0642
17,8880;-13,2044
18,0034;-12,3977
17,3730;-11,1941
16,4846;-10,0438
14,5629;-8,4698
12,8134;-7,1211
11,3218;-5,6007
9,4287;-3,8546
7,5640;-2,3614
5,5271;-0,4433
3,2615;1,2759
1,2243;3,0223
-1,0411;4,5696
-3,1064;6,1169
-5,1716;7,6917
-7,2921;9,0948
-9,0129;10,2983
-10,7612;11,5574
-12,3646;12,4171
-13,5963;13,3325
-14,6559;13,8485
-15,5705;14,4201
-16,1408;14,6200
-16,3400;14,6200
-16,3671;14,7037
-16,2766;14,1876
-15,6159;13,6993
-14,7833;13,0668
-13,8061;12,0345
-12,4307;11,0299
-11,1100;9,8255
-9,4184;8,6763
-7,5274;7,1276
-5,6641;5,5789
-3,6013;4,0302
-1,5664;2,5360
0,6961;0,5886
2,7588;-0,9330
4,8498;-2,6538
6,7407;-4,4016
8,6601;-5,9503
10,4077;-7,5258
12,0121;-8,9291
13,2157;-10,1335
14,4766;-11,3911
15,3938;-12,2513
15,9097;-13,1380
16,5120;-13,8526
16,5696;-14,3951
16,2543;-14,7920
15,7670;-14,7920
15,1363;-14,8448
14,1327;-14,5009
12,9569;-14,2362
11,6089;-13,3499
10,1171;-12,7151
8,2241;-11,6834
6,3310;-10,6783
4,4662;-9,5014
2,3728;-8,1527
0,5078;-6,6322
-1,5853;-4,8593
-3,4784;-3,5377
-5,3160;-1,8186
-7,6086;-0,0723
-9,5567;1,4478
-11,1602;3,1942
-12,3646;4,7415
-13,6236;6,3163
-14,5111;7,6917
-15,2264;9,1224
-15,8240;10,1541
-15,8512;11,1857
-15,7063;12,2729
-15,4168;12,9886
-14,7561;13,5323
-13,9508;13,9042
-12,7472;14,1040
-11,5984;14,1319
-10,0785;13,9877
-8,3869;13,6715
-6,4960;13,2111
-4,6327;12,3508
-2,5700;11,5184
-0,5072;10,5137
1,5836;9,3369
3,4464;7,9604
5,5374;6,6113
7,4567;5,0626
9,2042;3,5413
10,7800;1,7932
12,1840;0,2716
13,4448;-1,4763
14,3333;-3,0250
15,0499;-4,5737
15,6233;-6,1493
15,8240;-7,5258
15,8815;-8,9291
15,5662;-10,1335
15,1076;-11,3911
14,2760;-12,2513
13,3010;-13,1645
11,9244;-13,7071
10,6049;-14,0511
8,8840;-14,4480
7,1915;-14,4744
5,2985;-14,3289
3,4336;-14,0113
1,3683;-13,4954
-0,7249;-13,0590
-2,5901;-12,0008
-4,6830;-11,1941
-6,6314;-9,9906
-8,1525;-8,8137
-9,9283;-7,4382
-11,3323;-6,0896
-12,5914;-4,5423
-13,4516;-3,0220
-14,3663;-1,2758
-14,9368;0,2444
-15,1360;1,9908
-15,1632;3,5381
-15,0456;5,1128
-14,5569;6,4882
-13,9236;7,8912
-12,9192;9,1224
-11,7430;10,1541
-10,3949;11,2134
-8,8751;12,1010
-7,1560;12,8444
-5,4645;13,1884
-3,5736;13,5602
-1,7105;13,7600
0,3802;13,8157
2,2151;13,4716
4,5341;13,1832
6,2533;12,4951
8,0008;11,8347
9,5765;11,0299
10,9804;9,7978
12,1840;8,8207
13,4735;7,4442
14,1613;6,0951
14,8779;4,5464
15,3938;2,9977
15,9097;1,4490
16,5696;-0,0725
16,2831;-1,8475
15,6237;-3,1971
14,8209;-4,7458
13,6165;-6,3482
12,4692;-7,5258
10,9205;-8,9291
9,5995;-10,1601
6,4748;-11,2456
4,8668;-11,9072
2,3728;-12,8205
0,4798;-13,3630
-1,4132;-13,7335
-3,3063;-13,9320
-5,2270;-13,9585
-6,9755;-13,8129
-8,5242;-13,4954
-10,1278;-13,0060
-11,3323;-12,3181
-12,5914;-11,6834
-13,4789;-10,6783
-14,2215;-9,4747
-14,5928;-8,2712
-14,8192;-7,1211
-14,6744;-5,5738
-14,3577;-4,0265
-13,8963;-2,4522
-13,0638;-1,1309
-12,0595;0,6154
-10,8833;2,1899
-9,5353;3,5381
-8,0156;5,1128
-6,2964;6,5157
-4,6050;7,7192
-2,7419;8,9504
-0,6512;9,9821
1,2398;11,0692
3,1588;11,7570
4,8780;12,5004
6,6254;12,8444
8,1727;13,2440
9,7484;13,2440
11,1809;13,2996
12,2411;12,9556
13,1295;12,6671
13,8460;12,0068
14,3906;11,1465
14,7920;10,3140
14,8494;9,3093
14,5341;8,1325
14,0753;6,7559
13,2151;5,3794
12,4121;4,0028
11,2362;2,6535
9,8596;1,1048
8,5399;-0,4438
6,8190;-1,9925
5,0981;-3,5412
3,4054;-5,1437
1,5124;-6,3213
-0,3807;-7,7247
-2,2737;-8,9558
-4,2223;-9,9881
-5,7433;-11,0736
-7,4917;-11,7352
-9,0680;-12,6750
-10,4994;-13,0190
-11,5317;-13,3895
-12,6187;-13,5880
-13,3341;-13,6409
-13,9047;-13,2970
-14,0767;-12,9795
-14,3032;-12,4901
-14,1857;-11,8288
-13,6971;-10,9956
-13,0365;-9,9906
-12,2041;-8,7870
-11,2272;-7,6102
-9,8517;-6,2079
-8,5038;-5,0581
-6,9841;-3,5108
-5,2650;-1,9635
-3,5736;-0,3890
-1,6826;0,9592
0,2363;2,5338
1,8713;3,9092
4,2185;5,2847
5,5400;6,6876
8,7168;7,9187
10,0923;8,9504
11,4963;10,0097
12,7284;10,8972
13,7888;11,6128
14,7059;12,1287
15,2506;12,7002
15,6233;12,9000
15,9103;12,9278
15,5091;12,7558
14,2187;12,6393
13,5878;12,1510
12,5555;11,4629
11,5232;10,8302
10,5479;9,7978
9,1713;8,7931
7,8515;7,5887
6,1307;6,4118
4,4662;5,0626
2,3448;3,4866
0,6519;2,1373
-1,2411;0,5614
-3,1898;-0,7880
-4,7108;-2,3367
-6,4593;-3,9393
-8,0355;-5,1168
-9,4396;-6,5202
-10,6714;-7,7247
-11,7585;-8,9558
-12,4467;-10,0148
-13,1894;-10,8750
-13,5607;-11,7883
-13,7600;-12,3044
-13,8145;-12,8735
-13,4979;-13,0720
-13,0365;-13,0720
-12,1767;-13,0985
-11,3717;-12,9795
-10,1682;-12,4636
-8,9921;-12,0008
-7,6442;-11,1144
-6,1245;-10,4798
-4,4054;-9,4481
-2,7141;-8,4698
-0,7952;-7,0676
0,9240;-5,8908
2,6431;-4,5154
4,3622;-3,1669
6,1379;-1,5926
7,5133;-0,2442
8,8888;1,3303
10,3212;2,6784
11,3814;4,2805
12,2697;5,4566
13,0148;6,8870
13,3587;7,9187
13,7600;8,9504
13,8173;10,0374
13,4733;10,7253
13,1865;11,4408
12,5555;11,9845
11,5232;12,3562
10,5194;12,5560
9,3434;12,5838
7,9952;12,4395
6,4465;12,1233
4,9260;11,6349
3,2052;10,9745
1,4843;10,1143
-0,2365;9,2817
-1,9574;8,2769
-3,6783;7,0725
-5,4268;5,8956
-7,0031;4,5190
-8,4072;3,1425
-9,6391;1,7932
-10,6714;0,2173
-11,7585;-1,1322
-12,4740;-2,7079
-13,0447;-4,1114
-13,2167;-5,3158
-13,4433;-6,5202
-13,3259;-7,7514
-12,8373;-8,7837
-12,1494;-9,8427
-11,5163;-10,7295
-10,5120;-11,4443
-9,3359;-11,9603
-7,9605;-12,5560
-6,6403;-12,5560
-4,9211;-12,5560
-3,1742;-12,6090
-1,6826;-12,2651
0,2643;-11,9742
1,8116;-11,2863
3,3307;-10,6251
5,0781;-9,7920
6,6537;-8,7603
8,0575;-7,7553
9,2610;-6,5786
10,4931;-5,1762
11,5818;-3,9996
12,2983;-2,6242
12,8428;-1,2758
13,2154;0,2987
13,4446;1,6741
13,3012;3,0769
12,9858;4,2531
12,5269;5,6560
11,6667;6,8870
10,8635;7,9187
9,6591;8,9780
8,4831;9,8378
7,1348;10,7529
5,6144;11,2966
3,8654;11,6405
2,3448;12,0400
0,6239;12,0400
-1,1249;12,0678
-2,6457;11,9235
-4,4221;11,6072
-5,7710;11,1188
-7,3749;10,4584
-8,5793;9,5982
-9,8112;8,7655
-10,8983;7,7608
-11,5865;6,5563
-12,3293;5,3794
-12,7007;4,0028
-12,9273;2,6263
-12,7553;1,2497
-12,6380;-0,1268
-12,1494;-1,5034
-11,4889;-2,9070
-10,6566;-4,0844
-9,6523;-5,4879
-8,4763;-6,6923
-7,1284;-7,9235
-5,5811;-8,9825
-4,0338;-9,8694
-2,5143;-10,5575
-0,7673;-11,2988
0,7520;-11,6429
2,4992;-11,9869
4,0466;-12,3840
5,6221;-12,4105
6,9975;-12,2651
8,4297;-11,9742
9,4614;-11,2332
10,4931;-10,9956
11,6104;-9,9106
12,1263;-9,2761
12,6994;-8,2444
12,9000;-7,2395
12,9572;-6,0359
12,6132;-4,8593
12,3263;-3,4838
11,6382;-2,1084
11,0071;-0,7329
9,9747;0,6425
8,9708;2,0180
7,7664;3,4208
6,4771;4,6243
6,0151;5,8279
3,8090;7,0590
2,8295;8,1182
0,1076;8,9780
-1,6132;9,8654
-3,3619;10,5810
-4,9383;11,1246
-6,3149;11,4963
-7,7190;11,6960
-8,9509;11,6960
-10,0107;11,7237
-10,8983;11,6072
-11,6139;11,0911
-12,1847;10,6027
-12,3840;9,9422
-12,3840;9,0820
-12,4660;8,2494
-11,9501;7,2446
-11,4615;6,0402
-10,8285;4,8357
-9,7968;3,6587
-8,7926;2,2821
-7,6166;0,9056
-6,2412;-0,4981
-4,8934;-1,6755
-3,3461;-3,0790
-1,8267;-4,2565
-0,0796;-5,6868
1,4677;-6,7191
3,0150;-7,7514
4,5905;-8,8372
5,9659;-9,4986
7,3697;-10,4121
8,6017;-10,9548
9,6618;-11,2988
10,5501;-11,6694
11,2664;-11,8680
11,8109;-11,8946
12,1834;-11,7757
12,3840;-11,2598
12,4412;-10,7704
12,1257;-10,0559
11,6382;-9,6200
11,0071;-8,5883
9,9463;-7,5566
9,1429;-6,5518
7,9669;-5,3482
6,5903;-4,1446
5,2420;-2,9680
3,6933;-1,5926
2,1446;-0,1900
0,5959;0,9864
-0,9528;2,3619
-2,5015;3,7646
-4,0780;4,9682
-5,4545;6,1992
-6,8587;7,2584
-8,0907;8,1182
-9,1505;8,9780
-10,0107;9,8931
-10,9258;10,4090
-11,4692;10,9526
-11,8406;11,3243
-12,0400;11,5240
-12,0947;11,5517
-11,7507;11,4074
-11,4615;11,0634
-10,7737;10,7748
-10,1407;10,0866
-9,1365;9,3985
-7,9329;8,7655
-6,7570;7,7332
-5,3815;6,7284
-4,0338;5,4966
-2,4865;4,5190
-0,9671;3,1151
0,8080;1,9380
2,1554;0,5342
3,7308;-0,6431
5,1063;-2,0467
6,5100;-3,2511
7,7419;-4,4555
8,7168;-5,6599
10,1492;-6,9180
11,1239;-7,7782
12,6422;-8,6384
13,2154;-9,5253
13,4160;-10,2667
13,4446;-10,5841
13,3299;-11,1534
12,8138;-11,3520
12,3549;-11,3520
11,6945;-11,3786
9,4302;-11,2332
8,6551;-10,9424
7,3069;-10,2279
5,7300;-9,7920
4,3816;-8,7336
2,8048;-7,8738
1,4843;-7,0408
-0,2924;-6,0359
-1,6411;-4,8324
-3,2176;-3,6288
-4,5664;-2,4522
-6,1704;-1,0497
-7,4025;0,1267
-8,4348;1,5294
-9,5221;2,7330
-10,2102;3,9366
-10,9532;5,1675
-11,2972;6,1992
-11,6960;7,2309
-11,7234;8,3177
-11,5788;9,0056
-11,2622;9,7211
-10,7737;10,2647
-10,1133;10,6086
-9,2810;10,9803
-8,2493;11,1800
-7,2728;11,2077
-5,8973;11,0911
-4,5219;10,5474
-3,1464;10,2310
-1,7988;9,7702
-0,2515;8,9100
1,3238;8,0498
2,6993;7,2171
4,0747;6,2122
5,4502;5,0078
6,8822;3,8034
7,9139;2,5990
8,9740;1,4218
9,8622;0,0181
10,5785;-1,1593
11,1515;-2,5628
11,3235;-3,7942
11,5525;-4,7996
11,3805;-6,0309
11,2656;-7,0900
10,7780;-7,9502
10,0899;-8,8372
9,4586;-9,5520
8,4263;-10,0681
7,4506;-10,6108
6,0458;-10,9814
4,8696;-11,1800
3,5212;-11,2066
1,9444;-11,0346
0,5959;-10,9158
-0,9807;-10,3999
-2,3294;-9,9106
-3,9337;-9,2228
-5,1104;-8,5883
-6,5422;-7,5566
-7,5745;-6,5249
-8,6344;-5,4933
-9,5221;-4,5154
-10,2377;-3,1130
-10,7812;-1,9094
-11,1526;-0,7058
-11,3794;0,4978
-11,2074;1,7014
-11,0628;2,9049
-10,7737;4,1085
-10,0858;5,3395
-9,4254;6,3986
-8,5932;7,2584
-7,5891;8,1458
-6,4131;8,8336
-5,0100;9,5491
-3,8619;10,0927
-2,2868;10,4643
-0,9950;10,6640
1,0079;10,6640
2,0432;10,6917
4,3904;10,5474
5,9942;10,2310
7,1695;9,7425
8,7720;9,0544
8,6584;8,3938
9,3463;7,5336
10,0626;6,7009
10,6070;5,6960
10,9510;4,4916
11,3520;3,2872
11,4091;2,0828
11,0650;0,8784
10,7780;-0,3261
10,0614;-1,5305
9,6022;-2,7349
8,7704;-3,9663
7,7664;-4,9717
6,5620;-6,2298
5,3858;-7,0632
4,0093;-8,1758
2,6327;-8,6651
1,2562;-9,3533
-0,0924;-10,0947
-1,6690;-10,4654
-3,0455;-10,6374
-4,4498;-10,8360
-5,6820;-10,8626
-6,7143;-10,7172
-7,7466;-10,3999
-8,8339;-9,8840
-9,5221;-9,3947
-10,2651;-8,7336
-10,6366;-7,8470
-10,8086;-7,2127
-11,0354;-6,2079
-10,8908;-4,9774
-10,5469;-3,9727
-10,2578;-2,7691
-9,5974;-1,5655
-8,7651;-0,3619
-7,7334;0,8417
-6,7294;2,0452
-5,5258;3,2761
-4,3499;4,3078
-2,9745;5,3395
-1,5990;6,3986
-0,2515;7,2584
1,3238;8,1733
2,7273;8,6617
3,9309;9,4048
5,1345;9,7487
6,3663;10,1203
7,4264;10,2923
8,2861;10,5197
9,1743;10,3753
9,8906;10,0313
10,4635;9,7149
10,6355;9,2264
10,8360;8,5383
10,8930;7,8777
10,5775;7,0450
10,0614;6,0127
9,5737;4,9804
8,9424;3,9481
7,9101;2,9431
6,8778;1,7387
5,8738;0,5342
4,6975;-0,6702
3,3210;-1,8746
1,9444;-3,1060
0,5679;-4,1383
-0,8366;-5,1706
-1,9853;-6,2030
-3,5895;-7,2621
-4,7940;-8,1758
-6,0261;-8,6651
-7,0584;-9,4066
-8,1182;-9,7240
-9,0335;-10,3200
-9,5496;-10,2934
-10,0931;-10,5186
-10,4646;-10,3466
-10,6640;-10,1746
-10,7188;-10,0559
-10,3749;-9,5667
-10,0584;-8,8788
-9,5699;-8,1910
-8,9096;-7,5566
-8,0773;-6,5249
-7,0732;-5,4933
-5,8420;-4,4616
-4,8657;-3,4568
-3,4903;-2,2262
-2,0870;-1,2216
-0,9113;-0,0180
0,4641;1,1855
1,8396;2,4164
3,2432;3,4481
4,4467;4,4798
5,6785;5,5389
6,7102;6,3986
7,7703;7,2584
8,6584;8,1733
9,3747;8,6892
9,9191;9,2328
10,2915;9,5767
10,4920;9,9484
10,5205;10,1480
10,3770;10,1757
10,0614;10,0313
9,5737;9,7149
8,9140;9,1988
8,0538;8,7103
7,2219;8,0222
6,2179;7,3616
5,0135;6,5289
3,8372;5,4966
2,4326;4,4642
1,2562;3,4319
-0,1204;2,4269
-1,4969;1,2225
-2,9013;-0,0091
-4,1057;-1,0143
-5,3378;-2,2187
-6,3702;-3,4501
-7,4301;-4,4824
-8,3454;-5,5416
-8,8339;-6,4018
-9,5770;-7,2621
-9,9485;-8,1490
-10,1480;-8,8639
-10,1480;-9,4066
-10,2029;-9,7773
-9,8864;-9,9493
-9,3705;-10,1480
-8,9096;-10,1480
-8,0498;-10,2013
-7,2176;-9,8307
-6,1859;-9,7387
-5,1819;-9,0241
-4,0061;-8,5616
-2,6028;-7,6751
-1,4271;-7,0140
-0,0516;-6,1810
1,3518;-5,1494
2,5273;-4,1177
3,9309;-3,1130
5,1627;-1,8823
6,1661;-0,8777
7,4264;0,3258
8,3429;1,5566
8,8020;2,5883
9,7471;3,6200
10,0911;4,6517
10,4920;5,7108
10,4635;6,5981
10,6640;7,2859
10,6640;8,0013
10,6925;8,5173
10,6060;9,0608
9,9463;9,4324
9,1145;9,6044
8,0822;9,8316
7,0782;9,6596
6,0151;9,5153
3,8372;9,1712
2,5168;8,8824
0,7400;8,1667
-0,6645;7,7057
-1,8411;6,8455
-3,2454;5,9852
-4,4776;5,1524
-5,5099;4,1201
-6,5698;3,1151
-7,4301;1,8835
-8,3454;0,8784
-8,8615;-0,3532
-9,4325;-1,3584
-9,6045;-2,5899
-9,8040;-3,6222
-9,8315;-4,6814
-9,7144;-5,5416
-9,1710;-6,4018
-8,9096;-7,2621
-8,0222;-8,2025
-7,3620;-8,4931
-6,5574;-9,2613
-5,3262;-9,4066
-4,3222;-9,7773
-3,1186;-9,9760
-1,9150;-10,0027
-0,7394;-9,8573
0,6641;-9,5133
1,8676;-9,1961
3,0712;-8,7069
4,3030;-8,0190
5,3346;-7,3579
6,3663;-6,4981
7,4547;-5,6383
8,1425;-4,8055
8,8872;-3,7738
9,2312;-2,7691
9,6036;-1,5384
9,8040;-0,5339
9,8325;0,6969
9,6889;1,7286
9,3733;2,7603
8,8572;3,7920
8,3979;4,8510
7,5377;5,7108
6,6775;6,5981
5,8455;7,2859
4,8414;8,0013
3,6370;8,5448
2,4326;8,8888
1,2562;9,2604
-0,1483;9,4600
-1,3528;9,4876
-2,5572;9,3156
-3,7616;9,1712
-4,9937;8,8548
-6,0537;8,3387
-6,9416;7,8777
-7,6297;6,9900
-8,3454;6,3293
-8,8890;5,4691
-9,2605;4,6363
-9,4600;3,6040
-9,4600;2,5717
-9,5150;1,5394
-9,1710;0,5342
-8,8821;-0,6973
-8,1942;-1,7296
-7,5339;-2,7619
-6,7017;-3,7942
-5,6424;-4,8535
-4,8380;-5,7137
-3,6622;-6,6007
-2,2311;-7,2889
-1,2552;-8,0037
0,1482;-8,5198
1,3518;-9,0893
2,4992;-9,2613
4,0466;-9,4333
5,7915;-9,6320
5,8530;-9,6587
8,0858;-9,5400
9,1743;-8,9707
9,9191;-8,8521
10,2346;-8,3629
10,8075;-7,7018
10,9795;-6,8152
11,2370;-6,1810
10,9785;-5,1225
10,0614;-4,2896
9,6022;-3,2579
8,7420;-2,2262
7,8534;-1,1945
7,2219;-0,1900
6,1896;1,0408
5,1855;2,0725
3,9811;3,1042
2,7486;4,1632
1,7724;5,0230
0,3678;5,9102
-0,8366;6,5981
-2,0689;7,3135
-3,0734;7,8294
-4,3055;8,3729
-5,3655;8,7168
-6,2258;9,1160
-7,1136;9,1160
-7,8293;9,1436
-8,3454;8,9716
-8,9165;8,8272
-9,0885;8,5107
-9,2880;7,9946
-9,3155;7,5336
-9,1710;6,6459
-8,8545;5,9852
-8,3662;5,1250
-7,7059;4,2922
-6,8185;3,2599
-6,1859;2,2276
-5,1542;1,1953
-4,1503;0,1901
-2,9467;-1,0414
-1,7152;-2,1008
-0,7115;-2,9340
0,4921;-3,9663
1,6957;-5,0255
2,9274;-5,9126
3,9591;-6,6007
4,9908;-7,2889
6,0507;-8,0037
6,9388;-8,5466
7,6550;-8,9173
8,1709;-9,0893
8,7152;-9,2613
9,0876;-9,4867
9,3164;-9,3147
9,1444;-9,1694
8,9724;-8,8521
8,8572;-8,3362
8,3411;-7,8203
7,8534;-7,3579
7,2219;-6,4981
6,1613;-5,6383
5,3294;-4,7786
4,2970;-3,9457
3,2929;-2,9140
2,0604;-1,8823
1,0561;-0,8506
-0,1483;0,1810
-1,3528;1,2127
-2,5572;2,2444
-3,8172;3,3034
-4,6496;4,1632
-5,7096;5,0230
-6,5975;5,9102
-7,2856;6,5981
-8,0289;7,3135
-8,3729;7,8569
-8,7445;8,2009
-8,9440;8,5724
-8,9440;8,7444
-8,9990;8,9716
-8,6551;8,7996
-8,3662;8,6276
-7,6783;8,5107
-6,9904;7,9671
-6,3578;7,6781
-5,2985;6,9900
-4,4941;6,3293
-3,2628;5,4691
-2,2311;4,6089
-1,2552;3,7487
0,1762;2,9158
1,1799;1,8835
2,3835;0,8512
3,6433;-0,1812
4,5031;-1,2135
5,3629;-2,2458
6,2227;-3,3051
7,1107;-4,1653
7,8553;-5,0255
8,1709;-5,9126
8,7436;-6,6275
8,9440;-7,1168
8,9724;-7,8585
8,8004;-8,1758
8,6568;-8,7453
8,3411;-8,9173
7,8534;-9,1160
7,1936;-9,1427
6,3051;-8,9707
5,6735;-8,8521
4,6411;-8,3362
3,6088;-7,7935
2,6046;-7,5299
1,3722;-6,6165
0,3678;-6,1542
-0,8366;-5,3213
-2,0689;-4,2627
-3,1012;-3,4029
-4,1335;-2,5701
-5,1935;-1,5384
-6,0814;-0,5067
-6,7695;0,5249
-7,4852;1,5566
-8,0289;2,6156
-8,4005;3,4754
-8,5725;4,3352
-8,7720;5,2224
-8,7995;5,9102
-8,6826;6,5981
-8,1391;7,3410
-7,8503;7,6849
-7,1624;8,0289
-6,5022;8,4004
-5,6424;8,6000
-4,8103;8,6276
-3,7786;8,4556
-2,7469;8,3111
-1,7431;7,9671
-0,5116;7,6506
0,4921;7,1345
1,7237;6,6734
2,7554;5,7858
3,7871;5,1250
4,8470;4,2648
5,7068;3,4319
6,6231;2,3723
7,1107;1,5394
7,8553;0,5071
8,1993;-0,5253
8,6000;-1,5576
8,5716;-2,6169
8,8004;-3,4771
8,6568;-4,3373
8,3411;-5,2244
7,8250;-5,8857
7,3373;-6,7996
6,6775;-7,3156
5,7890;-7,8585
5,1291;-8,2025
4,3252;-8,5733
3,0646;-8,7453
2,1482;-8,9707
1,8566;-8,7987
-0,1763;-8,6267
-1,1807;-8,5082
-2,3851;-7,9655
-3,6173;-7,6751
-4,6774;-6,9872
-5,5653;-6,2993
-6,2534;-5,6115
-6,9416;-4,9774
-7,6849;-3,9188
-8,0289;-3,0860
-8,4005;-2,0272
-8,6000;-1,1945
-8,6275;-0,1629
-8,4831;0,8960
-8,1391;1,7286
-7,8227;2,7876
-7,3344;3,6473
-6,6741;4,5345
-5,7867;5,2224
-5,1542;5,9102
-4,1225;6,6256
-3,0908;7,1690
-2,0591;7,4854
-1,0553;8,0564
0,1762;8,2560
1,2079;8,2560
2,2396;8,2560
3,2713;8,3111
4,3311;7,9395
5,2191;7,8226
5,9070;7,3065
6,5948;6,8180
7,3110;6,1298
7,8836;5,4417
8,0556;4,7809
8,2560;3,9207
8,2560;3,0878
8,3127;2,0555
7,9687;0,9960
7,6530;0,1630
7,1653;-0,8965
6,4488;-1,7296
5,9893;-2,7889
5,1573;-3,6492
4,0968;-4,5363
3,2647;-5,1975
2,2324;-6,1115
1,2281;-6,6275
-0,0042;-7,1436
-1,0366;-7,6865
-2,0689;-8,0305
-3,1012;-8,4013
-4,1612;-8,6000
-5,0492;-8,6267
-5,7373;-8,4547
-6,4255;-8,3095
-7,1412;-7,9655
-7,6849;-7,6483
-8,0564;-7,1324
-8,2560;-6,6433
-8,2560;-5,9554
-8,2835;-5,2944
-8,1391;-4,4346
-7,8227;-3,5749
-7,3068;-2,7421
-6,8185;-1,6833
-6,1583;-0,8235
-5,2985;0,0091
-4,4664;1,0680
-3,4069;1,9005
-2,5750;2,9595
-1,5712;3,8466
-0,3396;4,5345
0,6920;5,1950
1,6957;6,1096
2,9274;6,6256
3,9872;7,1690
4,8752;7,5405
5,5631;7,6849
6,1661;8,0840
7,4264;8,0840
8,2861;8,1116
9,2596;7,9671
9,4316;7,6231
9,6604;7,2790
9,4884;6,9625
9,3164;6,4739
9,2013;5,7858
8,7988;5,1250
7,6227;4,2648
6,1048;3,4046
5,6735;2,5444
4,6411;1,6842
3,6088;0,8512
2,5765;-0,2083
1,5442;-1,0414
0,5119;-2,1008
-0,5204;-2,9610
-1,5527;-3,8212
-2,5850;-4,7083
-3,6451;-5,3965
-4,5053;-6,1115
-5,3932;-6,6275
-6,1090;-7,1704
-6,5975;-7,4877
-7,3408;-8,0840
-7,7124;-8,0573
-7,8844;-8,2827
-8,0840;-8,0840
-8,1116;-8,1107
-7,9396;-7,9655
-7,8227;-7,6215
-7,3068;-7,3311
-6,8185;-6,5896
-6,1306;-6,3262
-5,4704;-5,4395
-4,6106;-4,7517
-3,7509;-4,1177
-2,9189;-3,0590
-1,8872;-2,1992
-0,8555;-1,3394
0,1762;-0,5067
1,2079;0,5521
2,2676;1,4119
3,1274;2,2717
3,9872;3,1315
4,8752;4,0186
5,5631;4,7065
6,2792;5,3943
6,7951;6,1096
7,3393;6,6530
7,7400;6,9970
7,7117;7,3410
7,9404;7,7125
7,7683;7,9120
7,6530;7,9395
7,1369;7,7675
6,6209;7,5955
6,1331;7,4786
5,4732;6,9350
4,6129;6,6459
3,7809;5,9303
2,7205;5,4417
1,8883;4,7809
0,8280;3,9207
0,0237;3,0605
-1,2365;2,2003
-2,0689;1,3401
-3,1290;0,4799
-3,9892;-0,3532
-4,8771;-1,4126
-5,5653;-2,2728
-6,2811;-3,1600
-6,7971;-3,8212
-7,3408;-4,7083
-7,7124;-5,4234
-7,9120;-5,9126
-7,9396;-6,6544
-7,7676;-6,9716
-7,6232;-7,5412
-7,3068;-7,7132
-6,7909;-7,9120
-6,3026;-7,9120
-5,6147;-7,9388
-4,9546;-7,7668
-4,1225;-7,6215
-3,0630;-7,3044
-2,2032;-6,7616
-1,3713;-6,4713
-0,3676;-5,7834
0,8920;-5,1225
1,7237;-4,2358
2,7554;-3,5749
3,8153;-2,7151
4,7314;-1,8553
5,2191;-0,9955
5,9352;-0,1357
6,4512;0,7241
6,9954;1,5839
7,3677;2,4436
7,5680;3,3034
7,5680;4,1906
7,5963;4,9058
7,4527;5,3943
7,1369;6,1096
6,6209;6,6530
6,1331;6,9970
5,4449;7,3685
4,7568;7,5680
4,1250;7,5680
3,0646;7,5680
2,2043;7,5955
1,3722;7,4510
0,3399;7,1345
-0,6925;6,5910
-1,7526;6,3019
-2,6129;5,5863
-3,4731;5,0976
-4,3610;4,4369
-5,0492;3,5493
-5,7650;2,8885
-6,2811;2,0555
-6,8248;0,9960
-7,1688;0,1358
-7,5680;-0,7244
-7,5680;-1,5846
-7,5956;-2,4719
-7,4236;-3,1330
-7,3068;-4,0202
-6,7632;-4,7083
-6,4745;-5,4234
-5,7867;-5,9394
-5,1265;-6,4555
-4,2667;-7,0252
-3,4069;-7,1704
-2,5472;-7,5412
-1,7152;-7,7400
-0,6835;-7,7400
0,3761;-7,7668
1,2079;-7,6215
2,2676;-7,2776
3,1555;-6,9604
3,8153;-6,4445
4,7032;-5,9554
5,4193;-5,2407
5,9352;-4,7517
6,4794;-4,0907
6,8234;-3,2309
7,1957;-2,3712
7,3960;-1,5114
7,4243;-0,6516
7,2523;0,2082
7,1369;1,0680
6,6209;1,9550
6,1048;2,6156
5,5887;3,5027
5,1291;4,1906
4,2689;4,9058
3,4086;5,3943
2,5484;6,1371
1,7163;6,4811
0,6560;6,8250
-0,1763;7,1965
-1,2365;7,3960
-2,0967;7,3960
-2,9569;7,4235
-3,8172;7,2515
-4,7051;7,1070
-5,4209;6,7905
-5,9370;6,2744
-6,4531;5,7583
-7,0244;5,2697
-7,1964;4,5815
-7,3960;3,8934
-7,3960;3,2326
-7,4512;2,3723
-7,1072;1,4849
-6,7632;0,8512
-6,4469;-0,2354
-5,9586;-0,8965
-5,2708;-1,7567
-4,6106;-2,6169
-3,7509;-3,5041
-2,8911;-4,1922
-2,0591;-4,8804
-0,9995;-5,6223
-0,1398;-5,9394
0,7200;-6,4823
1,5518;-6,8532
2,6116;-6,9984
3,4995;-7,3692
4,1873;-7,5680
4,8752;-7,5948
5,5913;-7,4228
6,1355;-7,2776
6,4794;-6,9336
6,8517;-6,5896
7,0520;-6,2993
7,0520;-5,5846
7,0803;-5,1225
6,9366;-4,2358
6,5926;-3,5479
6,3051;-2,8870
5,5887;-2,0272
5,1009;-1,1404
4,4127;-0,4796
3,7809;0,3802
2,7205;1,2399
1,8603;2,1270
1,0000;2,7876
0,1398;3,6747
-0,6925;4,3899
-1,7526;4,8784
-2,6129;5,6211
-3,5009;5,9377
-4,1612;6,4811
-5,0769;6,8525
-5,5930;7,0520
-6,1367;7,0245
-6,4531;7,2515
-7,0244;7,0795
-7,2240;6,9075
-7,2240;6,7630
-7,2516;6,4464
-7,1072;5,9303
-6,7632;5,4143
-6,4469;4,9256
-5,9310;4,2374
-5,4427;3,5493
-4,7549;2,8885
-4,0948;2,0283
-3,2350;1,1408
-2,3752;0,4799
-1,5154;-0,3803
-0,6835;-1,2406
0,3761;-2,1278
1,2359;-2,7889
2,0957;-3,6761
2,9555;-4,3912
3,8434;-4,8804
4,5594;-5,6223
5,0472;-5,9394
5,7915;-6,4823
6,1072;-6,8532
6,6514;-7,0252
7,0520;-7,1972
7,0237;-7,3960
7,2523;-7,4228
7,0520;-7,2776
7,1369;-6,9336
6,6209;-6,5896
5,9635;-6,2725
6,4771;-5,7566
5,7890;-5,2407
5,2702;-4,7517
3,4368;-4,0638
2,3764;-3,4029
1,4881;-2,5431
0,8840;-1,6563
-0,3484;-0,9955
-1,4365;-0,1357
-2,0967;0,7512
-2,9569;1,4119
-3,8449;2,2989
-4,5608;2,9868
-5,0492;3,6747
-5,7927;4,3899
-6,1090;4,9058
-6,6804;5,4217
-6,8524;5,9651
-7,0520;6,3091
-7,0796;6,6805
-6,9076;6,8800
-6,7632;6,8800
-6,4469;6,8800
-5,9310;6,9075
-5,4151;6,7630
-4,9268;6,4189
-4,2667;6,1024
-3,4069;5,5863
-2,5193;5,0702
-1,8593;4,5815
-1,0274;3,8934
0,0322;3,2326
0,9200;2,3451
1,5798;1,6569
2,4396;0,9960
3,3275;0,1358
4,0154;-0,7515
4,7314;-1,4126
5,2473;-2,2999
5,7915;-2,9880
6,1637;-3,6761
6,3357;-4,3912
6,5360;-4,8804
6,5360;-5,6223
6,5643;-5,9663
6,4206;-6,2835
6,1048;-6,8800
5,5605;-6,8532
5,2729;-7,0520
4,5848;-7,0788
3,8966;-6,8800
3,2085;-6,9336
2,5484;-6,5628
1,6882;-6,4445
0,8280;-5,9286
-0,0322;-5,4126
-0,8924;-4,9236
-1,7526;-4,2088
-2,6407;-3,7199
-3,3010;-3,0590
-4,1890;-2,1722
-4,9049;-1,5114
-5,4209;-0,6516
-5,9647;0,2354
-6,3364;0,8960
-6,4807;1,7830
-6,8800;2,4709
-6,9076;3,1588
-6,7356;3,8740
-6,5636;4,3899
-6,4469;4,9058
-5,9310;5,4217
-5,3874;5,9926
-5,1265;6,1371
-4,2390;6,5085
-3,5789;6,7080
-2,6913;6,7080
-2,0313;6,7355
-1,1715;6,5635
-0,3396;6,4189
0,7200;6,0749
1,6078;5,7583
2,2676;5,2422
3,0150;4,7262
4,6750;4,2374
5,6478;3,5493
5,8198;2,8612
5,9070;2,2003
6,7363;1,3129
6,5077;0,6519
6,6797;-0,2083
6,9083;-1,0956
6,7646;-1,7838
6,4206;-2,4719
6,0765;-3,1600
5,7325;-3,8482
5,4167;-4,5632
4,9288;-5,0793
4,2407;-5,6223
3,5807;-5,9663
2,6924;-6,3103
2,0323;-6,6812
1,1721;-6,8800
0,3119;-6,8800
-0,5483;-6,9068
-1,4365;-6,7348
-2,0967;-6,5628
-2,9848;-6,4177
-3,6729;-6,1005
-4,3888;-5,5577
-4,9049;-5,2675
-5,4209;-4,5528
-5,9923;-4,0907
-6,1643;-3,1770
-6,3364;-2,7151
-6,5360;-1,8282
-6,5636;-1,1404
-6,3916;-0,4796
-6,2473;0,3802
-5,9033;1,2671
-5,5870;1,9550
-5,0988;2,6429
-4,4110;3,3580
-3,7231;3,8466
-3,0352;4,5619
-2,3752;5,1052
-1,5154;5,4492
-0,6556;5,7931
0,2042;6,1645
1,0919;6,3365
1,7798;6,5360
2,4396;6,5635
3,3556;6,3915
3,8434;6,2195
4,5594;6,0749
5,0754;5,7309
5,6478;5,4143
5,8198;4,8982
5,9917;4,3821
6,1920;3,8934
6,1920;3,2052
6,2203;2,5171
6,0765;1,8562
5,7607;0,9688
5,2164;0,2807
4,9288;-0,3803
4,2125;-1,2677
3,7246;-1,9558
3,0646;-2,6439
2,1763;-3,3591
1,5162;-3,8482
0,6560;-4,5632
-0,2322;-5,0793
-0,9203;-5,6223
-1,5806;-5,9663
-2,4687;-6,3372
-3,1568;-6,5092
-3,8449;-6,7080
-4,5885;-6,7080
-4,9049;-6,7348
-5,4486;-6,5628
-5,8203;-6,4177
-5,9923;-6,0737
-6,1643;-5,7566
-6,3916;-5,2138
-6,2196;-4,9236
-6,0753;-4,2088
-5,7313;-3,7199
-5,3874;-3,0320
-5,0988;-2,3441
-4,3832;-1,6833
-3,9228;-0,7964
-3,0352;-0,1086
-2,3474;0,5521
-1,6874;1,4391
-0,7997;2,1270
-0,1398;2,8421
0,7480;3,3307
1,4079;4,0459
2,2957;4,5619
2,9836;5,1052
3,6996;5,4492
4,2155;5,8206
4,7314;5,9926
5,2756;6,1920
5,6478;6,1920
5,8198;6,1920
5,9917;6,2195
6,2203;6,0749
6,0483;5,7309
5,8763;5,3868
5,7325;5,0702
5,4167;4,5541
4,9006;4,0654
4,3845;3,3500
3,8966;2,8612
3,2085;2,1730
2,5484;1,4849
1,6602;0,8240
0,9720;-0,0634
0,3119;-0,7515
-0,5483;-1,4397
-1,4365;-2,1278
-2,1246;-2,8160
-2,8127;-3,5311
-3,5287;-4,0202
-4,0170;-4,7622
-4,7606;-5,0793
-5,0769;-5,6491
-5,6483;-5,7943
-5,8203;-6,1652
-6,0200;-6,3372
-6,0200;-6,5360
-6,0477;-6,5360
-5,8757;-6,5628
-5,7313;-6,4177
-5,3874;-6,0737
-5,0711;-5,7297
-4,5552;-5,4126
-4,0670;-4,8967
-3,3792;-4,3808
-2,6913;-3,8918
-2,0313;-3,1770
-1,1436;-2,6881
-0,4837;-2,0002
0,4041;-1,3123
1,0919;-0,6516
1,7798;0,2354
2,4396;0,9232
3,3556;1,6111
3,8434;2,3262
4,5876;2,8148
4,9316;3,5300
5,2756;4,0459
5,6478;4,5619
5,8480;5,1052
5,8480;5,4766
5,8763;5,6486
5,7042;5,8206
5,5322;6,0200
5,3885;6,0200
5,0726;6,0475
4,5002;5,8754
4,4409;5,7034
3,5525;5,5589
2,8644;5,2422
2,1763;4,7262
1,4601;4,2101
1,0281;3,6940
-0,0042;3,2052
-1,1203;2,5171
-1,5806;1,8290
-2,4687;1,1408
-3,1846;0,4527
-3,6729;-0,2354
-4,4165;-0,9236
-4,7328;-1,6117
-5,2766;-2,2999
-5,6483;-3,0150
-5,8480;-3,5041
-5,8480;-4,2192
-5,8480;-4,7622
-5,8757;-5,0793
-5,7313;-5,6491
-5,3874;-5,8211
-5,0711;-5,9931
-4,5275;-6,1652
-4,2390;-6,3640
-3,5511;-6,3908
-2,8633;-6,2188
-2,1754;-6,0737
-1,4875;-5,7297
-0,8276;-5,3858
0,0602;-5,0687
0,7480;-4,5258
1,4079;-4,2358
2,3238;-3,5209
2,8116;-3,0320
3,5276;-2,3441
4,0435;-1,6563
4,5876;-0,9684
4,9316;-0,2805
5,3038;0,4073
5,4758;1,0952
5,6760;1,7830
5,7042;2,4982
5,5040;2,9868
5,5605;3,7293
5,1882;4,0459
5,0726;4,5892
4,5566;4,9332
4,0686;5,2772
3,3524;5,6486
2,8644;5,8480
2,1763;5,8480
1,5162;5,8480
0,6280;5,8754
-0,0602;5,7034
-0,7204;5,5589
-1,6364;5,2148
-2,1246;4,8982
-2,8127;4,3547
-3,5287;4,0654
-4,0447;3,3500
-4,5885;2,8612
-4,9326;2,1730
-5,2766;1,4849
-5,6760;0,7968
-5,6483;0,0815
-5,8757;-0,3803
-5,6760;-1,2947
-5,7313;-1,7838
-5,3874;-2,4719
-5,0434;-3,1870
-4,7272;-3,7031
-4,2112;-4,2192
-3,7231;-4,7622
-3,0352;-5,1062
-2,3195;-5,4502
-1,8593;-5,8480
-0,9716;-5,8211
-0,3117;-6,0200
0,5481;-6,0200
1,4639;-6,0468
1,9518;-5,8749
2,6396;-5,7029
3,2994;-5,5577
4,1873;-5,2407
4,8188;-4,7247
6,0483;-4,1819
5,7633;-3,8918
6,3075;-3,1770
6,6797;-2,6881
6,9083;-2,0002
6,7080;-1,3123
6,8212;-0,6245
6,0765;0,0905
5,8172;0,5793
4,8724;1,2671
4,5848;1,9550
3,8966;2,6701
3,2366;3,1861
;3,7020
;4,2453
;4,5892
;4,9332
;5,3046
;5,4766
;5,6760
;5,6760
;5,6760
;5,7309
;5,3594
;5,2148
;4,8708
;4,5541
;4,0381
;3,5220
;3,0059
;2,5171
;1,8290
;1,1136
;0,6247
;-0,0634
;-0,7515
;-1,4397
;-2,1549
;-2,6439
;-3,3860
;-3,6761
;-4,4181
;-4,7622
;-5,1062
;-5,4771
;-5,6491
;-5,8480
;-5,8480
;-5,8749
;-5,6760
;-5,7029
;-5,5577
;-5,2138
;-4,8967
;-4,3539
;-4,0368
;-3,5209
;-3,0320
;-2,3171
;-1,8553
;-0,9413
;-0,4525
;0,2354
;0,9504
;1,4391
;2,1542
;2,6701
;3,1861
;3,7020
;4,2453
;4,5892
;4,9606
;5,1326
;5,3046
;5,5040
;5,5040
;5,5314
;5,3594
;5,2148
;4,8708
;4,5268
;4,2101
;3,6940
;3,1779
;2,6618
;2,1730
;1,4577
;0,9688
;0,2807
;-0,4075
;-1,1227
;-1,6117
;-2,3269
;-2,8430
;-3,3591
;-3,8751
;-4,4181
;-4,7622
;-5,1062
;-5,4771
;-5,6760
;-5,6760
;-5,6760
;-5,6760
;-5,7029
;-5,5309
;-5,3858
;-5,0687
;-4,5258
;-4,2088
;-3,6929
;-3,1770
;-2,6881
;-1,9732
;-1,4843
;-0,7964
;-0,0814
;0,4073
;1,1224
;1,6111
;2,3262
;2,8421
;3,3580
;3,9013
;4,2453
;4,6166
;4,7612
;5,1600
;5,1326
;5,3320
;5,3594
;5,1874
;5,0154
;4,8434
;4,6988
;4,3821
;3,8387
;3,5220
;3,0332
;2,3178
;1,8017
;1,3129
;0,6247
;-0,0906
;-0,5795
;-1,2947
;-1,7838
;-2,4989
;-3,0150
;-3,5581
;-3,8751
;-4,4181
;-4,7891
;-4,9342
;-5,3051
;-5,4771
;-5,6760
;-5,7029
;-5,5040
;-5,5309
;-5,3858
;-5,0418
;-4,6978
;-4,3808
;-3,8649
;-3,3220
;-3,0320
;-2,3171
;-1,8282
;-1,1133
;-0,6245
;0,0905
;0,5793
;1,2944
;1,7830
;2,5254
;2,8421
;3,3580
;3,9013
;4,2453
;4,6166
;4,7886
;4,9880
;4,9606
;5,1874
;4,9880
;5,0154
;4,8434
;4,6988
;4,3547
;4,0381
;3,4946
;3,1779
;2,6618
;2,1730
;1,4577
;0,9688
;0,2535
;-0,2354
;-0,9507
;-1,4397
;-2,1819
;-2,4719
;-3,2140
;-3,5311
;-4,0741
;-4,4181
;-4,7891
;-4,9342
;-5,3320
;-5,3051
;-5,5040
;-5,5309
;-5,3589
;-5,1869
;-5,0418
;-4,6978
;-4,3539
;-4,0368
;-3,4940
;-3,2040
;-2,4891
;-1,9732
;-1,4843
;-0,7693
;-0,2534
;0,2354
;0,9504
;1,4663
;1,9823
;2,4982
;3,0141
;3,5573
;3,9013
;4,2453
;4,6166
;4,8160
;4,7886
;4,9880
;4,9880
;5,0154
;4,8434
;4,6988
;4,3274
;4,2101
;3,6667
;3,3500
;2,8339
;2,3178
;1,8017
;1,2856
;0,7968
;0,0815
;-0,4075
;-1,1227
;-1,6388
;-2,1549
;-2,6710
;-3,1870
;-3,7301
;-4,0741
;-4,4451
;-4,5902
;-4,9611
;-5,1600
;-5,1331
;-5,3589
;-5,1600
;-5,1869
;-5,0418
;-4,6978
;-4,3269
;-4,2088
;-3,6929
;-3,1500
;-2,8600
;-2,1181
;-1,8282
;-1,1133
;-0,6245
;0,0905
;0,6065
;1,1224
;1,6383
;2,1542
;2,6974
;3,0141
;3,5573
;3,9013
;4,2726
;4,4446
;4,6166
;4,8160
;4,8160
;4,8434
;4,6714
;4,4994
;4,3274
;4,1827
;3,8387
;3,5220
;3,0059
;2,4898
;1,9737
;1,4577
;0,9416
;0,4255
;-0,0634
;-0,7787
;-1,2947
;-1,8108
;-2,3269
;-2,8430
;-3,3860
;-3,7301
;-4,0741
;-4,4451
;-4,6171
;-4,7891
;-4,9880
;-4,9880
;-4,9880
;-5,0149
;-4,8429
;-4,6709
;-4,5258
;-4,1819
;-3,8649
;-3,3220
;-3,0050
;-2,4891
;-1,9732
;-1,4572
;-0,9413
;-0,4525
;0,2625
;0,7784
;1,2944
;1,8103
;2,3535
;2,6701
;3,2134
;3,5573
;3,9287
;4,0733
;4,4446
;4,6440
;4,6440
;4,6440
;4,6714
;4,4994
;4,3274
;4,1827
;3,8387
;3,4946
;3,1779
;2,6346
;2,3178
;1,8017
;1,2856
;0,7968
;0,0815
;-0,4346
;-0,9507
;-1,4668
;-1,9828
;-2,4989
;-3,0420
;-3,3860
;-3,7301
;-4,0741
;-4,4451
;-4,6171
;-4,8160
;-4,8160
;-4,8160
;-4,8160
;-4,8429
;-4,6709
;-4,4989
;-4,3539
;-4,0368
;-3,4940
;-3,1770
;-2,6611
;-2,1181
;-1,8282
;-1,0862
;-0,7964
;-0,0814
;0,4345
;0,9504
;1,4663
;2,0095
;2,3262
;2,8694
;3,2134
;3,5573
;3,9287
;4,1006
;4,2726
;4,4720
;4,4720
;4,4720
;4,4994
;4,3274
;4,1827
;3,8387
;3,4946
;3,1506
;2,8339
;2,2905
;1,9737
;1,4577
;0,9416
;0,4255
;-0,0906
;-0,6066
;-1,1227
;-1,6388
;-2,1549
;-2,6980
;-3,0150
;-3,5850
;-3,7301
;-4,0741
;-4,4451
;-4,6440
;-4,6440
;-4,6440
;-4,6440
;-4,6440
;-4,6709
;-4,4989
;-4,3539
;-4,0099
;-3,6659
;-3,3220
;-3,0050
;-2,4891
;-1,9732
;-1,4572
;-0,9413
;-0,4254
;0,0905
;0,6065
;1,1224
;1,6655
;1,9823
;2,5254
;2,8694
;3,2134
;3,5847
;3,7567
;3,9287
;4,1006
;4,3000
;4,3000
;4,3274
;4,1554
;3,9833
;3,8387
;3,4673
;3,3226
;3,0059
;2,4625
;2,1458
;1,6297
;1,0864
;0,7968
;0,0815
;-0,4346
;-0,9778
;-1,2947
;-1,8108
;-2,3539
;-2,6710
;-3,2140
;-3,5850
;-3,7301
;-4,0741
;-4,4720
;-4,4451
;-4,6440
;-4,6709
;-4,4720
;-4,4720
;-4,4989
;-4,3539
;-4,0099
;-3,6659
;-3,3220
;-2,9780
;-2,6611
;-2,1451
;-1,6292
;-1,0862
;-0,7693
;-0,2534
;0,2625
;0,7784
;1,3216
;1,6383
;2,1815
;2,5254
;2,8694
;3,2134
;3,5847
;3,7567
;3,9287
;4,1280
;4,1280
;4,1554
;3,9560
;3,9833
;3,8387
;3,4673
;3,3226
;2,9786
;2,6346
;2,3178
;1,8017
